Metric,Score
BLEU-1,33.0405400873421
BLEU-2,16.22855961287152
BLEU-3,9.12889293489311
BLEU-4,5.284162961943699
METEOR,22.594787366681956
